-- MySQL dump 10.13  Distrib 8.0.36, for Win64 (x86_64)
--
-- Host: localhost    Database: proyecto_fibra
-- ------------------------------------------------------
-- Server version	5.7.44-log

/*!40101 SET @OLD_CHARACTER_SET_CLIENT=@@CHARACTER_SET_CLIENT */;
/*!40101 SET @OLD_CHARACTER_SET_RESULTS=@@CHARACTER_SET_RESULTS */;
/*!40101 SET @OLD_COLLATION_CONNECTION=@@COLLATION_CONNECTION */;
/*!50503 SET NAMES utf8 */;
/*!40103 SET @OLD_TIME_ZONE=@@TIME_ZONE */;
/*!40103 SET TIME_ZONE='+00:00' */;
/*!40014 SET @OLD_UNIQUE_CHECKS=@@UNIQUE_CHECKS, UNIQUE_CHECKS=0 */;
/*!40014 SET @OLD_FOREIGN_KEY_CHECKS=@@FOREIGN_KEY_CHECKS, FOREIGN_KEY_CHECKS=0 */;
/*!40101 SET @OLD_SQL_MODE=@@SQL_MODE, SQL_MODE='NO_AUTO_VALUE_ON_ZERO' */;
/*!40111 SET @OLD_SQL_NOTES=@@SQL_NOTES, SQL_NOTES=0 */;

--
-- Table structure for table `clientes`
--

DROP TABLE IF EXISTS `clientes`;
/*!40101 SET @saved_cs_client     = @@character_set_client */;
/*!50503 SET character_set_client = utf8mb4 */;
CREATE TABLE `clientes` (
  `ID_CLIENTE` int(11) NOT NULL AUTO_INCREMENT,
  `CLIENTE` varchar(100) DEFAULT NULL,
  `TELEFONO` varchar(20) DEFAULT NULL,
  `MAIL` varchar(50) DEFAULT NULL,
  `PAIS` varchar(25) DEFAULT NULL,
  PRIMARY KEY (`ID_CLIENTE`)
) ENGINE=InnoDB AUTO_INCREMENT=52 DEFAULT CHARSET=latin1;
/*!40101 SET character_set_client = @saved_cs_client */;

--
-- Dumping data for table `clientes`
--

LOCK TABLES `clientes` WRITE;
/*!40000 ALTER TABLE `clientes` DISABLE KEYS */;
INSERT INTO `clientes` VALUES (1,'CLIENTE','TELEFONO','MAIL','PAIS'),(2,'Tanoodu','(632) 3391517','plicciardello0@prnewswire.com','Peru'),(3,'Adss Brown','(471) 9025401','asloey1@ft.com','Mexico'),(4,'Skyndu','(589) 2774889','cpalley2@gov.com','Mexico'),(5,'Diva Telecomunicaciones','(232) 6820339','ilafont3@hao123.com','Mexico'),(6,'Fibra todo','(649) 7392937','tmeeking4@globo.com','Chile'),(7,'Wikivu','(677) 1651503','hprowting5@i2i.com','Peru'),(8,'Jetwire','(324) 6735382','lspinelli6@skyrock.com','Chile'),(9,'Zoonder','(744) 1777755','acrayton7@latimes.com','Argentina'),(10,'Voonix','(770) 4286238','gsproule8@utexas.edu','Uruguay'),(11,'Lountra','(873) 4696405','shabbin9@mac.com','Peru'),(12,'Piboo','(644) 2181166','straslera@cornell.edu','Mexico'),(13,'Plambee','(787) 8071727','edrableb@wp.com','Mexico'),(14,'Yozio','(326) 4507017','jmellhuishc@networksolutions.com','China'),(15,'Photojam','(847) 3855576','mstationd@zimbio.com','China'),(16,'Dablist','(180) 4001088','gaughtiee@wired.com','China'),(17,'Jabber Chile','(309) 8067901','adubsf@microsoft.com','Chile'),(18,'Fatz','(152) 8056996','kfilippozzig@addthis.com','Argentina'),(19,'Riffpedia','(393) 3793593','igiannasih@fastcompany.com','Chile'),(20,'Tag Snap','(612) 6976516','ybrithmani@soup.com','Argentina'),(21,'Kwideo','(933) 8721818','kcolquetej@free.com','China'),(22,'Quindier','(358) 8406408','lfirlek@pbs.com','Colombia'),(23,'Trilia','(753) 2509309','hlengl@is.com','Argentina'),(24,'Centidel','(520) 4034582','sdudlistonm@usda.gov','Colombia'),(25,'Wikizz','(302) 7541688','khancen@sbwire.com','Venezuela'),(26,'Skipfire','(651) 6612498','asoleso@nbcnews.com','Venezuela'),(27,'Bluejam','(795) 7994505','ftesterp@wikispaces.com','Peru'),(28,'Pixoboo','(364) 2777095','lredmanq@unesco.org','Peru'),(29,'Airetme','(649) 6346967','rdoaler@ovh.net','Uruguay'),(30,'Voonte','(883) 3973420','otrivetts@tumblr.com','Brasil'),(31,'Edgeblab','(185) 1868525','mmacluret@studiopress.com','China'),(32,'Delli','(456) 9477220','amallettu@bluehost.com','Venezuela'),(33,'Voonder','(462) 2191241','jferiav@clickbank.net','China'),(34,'Zoomcast','(881) 9794842','mdolemanw@timesonline.com','Brasil'),(35,'Skyvu','(125) 8449788','blathex@odnoklassniki.com','China'),(36,'Zoovu','(764) 8488350','kpeseky@youtube.com','Argentina'),(37,'Fiber work','(876) 5347797','mbetoniaz@furl.net','Argentina'),(38,'Chamba','(771) 7241609','bstollman10@globo.com','Mexico'),(39,'Yotz','(122) 8426538','jcoltart11@aboutads.info','Argentina'),(40,'Hook optic','(378) 1006016','chouston12@jiathis.com','Brasil'),(41,'Krotin','(716) 8347584','wzannetti13@e-recht24.com','Estados Unidos'),(42,'Fanool','(955) 1814043','bbillingham14@acquirethisname.com','Argentina'),(43,'Twitterworks','(405) 8588852','hnorcop15@yahoo.com','Venezuela'),(44,'Zoomi','(633) 3975137','eschultze16@rambler.com','Peru'),(45,'Trupe','(354) 1377794','osambrok17@europa.com','China'),(46,'Janyx','(216) 8757818','mjans18@elpais.com','China'),(47,'Kanoop','(567) 3307631','aegleton19@reddit.com','Colombia'),(48,'Yakijo','(916) 1343589','vheak1a@free.com','China'),(49,'Gevee','(983) 9370273','msissot1b@jigsy.com','Argentina'),(50,'Fivechat','(364) 8158288','mtivolier1c@amazonaws.com','Colombia'),(51,'Leenti','(705) 9169027','kleppo1d@redcross.org','Uruguay');
/*!40000 ALTER TABLE `clientes` ENABLE KEYS */;
UNLOCK TABLES;

--
-- Table structure for table `cobros`
--

DROP TABLE IF EXISTS `cobros`;
/*!40101 SET @saved_cs_client     = @@character_set_client */;
/*!50503 SET character_set_client = utf8mb4 */;
CREATE TABLE `cobros` (
  `ID_COBRO` int(11) NOT NULL AUTO_INCREMENT,
  `ID_FCVENTA` int(11) DEFAULT NULL,
  `MONTO` decimal(10,0) DEFAULT NULL,
  `FECHA_COBRO` date DEFAULT NULL,
  PRIMARY KEY (`ID_COBRO`),
  KEY `FK_COBROS_FACTURAS` (`ID_FCVENTA`),
  CONSTRAINT `FK_COBROS_FACTURAS` FOREIGN KEY (`ID_FCVENTA`) REFERENCES `facturas_ventas` (`ID_FCVENTA`)
) ENGINE=InnoDB DEFAULT CHARSET=latin1;
/*!40101 SET character_set_client = @saved_cs_client */;

--
-- Dumping data for table `cobros`
--

LOCK TABLES `cobros` WRITE;
/*!40000 ALTER TABLE `cobros` DISABLE KEYS */;
/*!40000 ALTER TABLE `cobros` ENABLE KEYS */;
UNLOCK TABLES;

--
-- Table structure for table `facturas_compras`
--

DROP TABLE IF EXISTS `facturas_compras`;
/*!40101 SET @saved_cs_client     = @@character_set_client */;
/*!50503 SET character_set_client = utf8mb4 */;
CREATE TABLE `facturas_compras` (
  `ID_FCCOMPRA` int(11) NOT NULL AUTO_INCREMENT,
  `ID_COMPRA` int(11) DEFAULT NULL,
  `MONTO` decimal(10,2) DEFAULT NULL,
  `FECHA_FACTURA` date DEFAULT NULL,
  PRIMARY KEY (`ID_FCCOMPRA`),
  KEY `FK_FCCOMPRAS_ORDEN` (`ID_COMPRA`),
  CONSTRAINT `FK_FCCOMPRAS_ORDEN` FOREIGN KEY (`ID_COMPRA`) REFERENCES `orden_compra` (`ID_COMPRA`)
) ENGINE=InnoDB DEFAULT CHARSET=latin1;
/*!40101 SET character_set_client = @saved_cs_client */;

--
-- Dumping data for table `facturas_compras`
--

LOCK TABLES `facturas_compras` WRITE;
/*!40000 ALTER TABLE `facturas_compras` DISABLE KEYS */;
/*!40000 ALTER TABLE `facturas_compras` ENABLE KEYS */;
UNLOCK TABLES;

--
-- Table structure for table `facturas_ventas`
--

DROP TABLE IF EXISTS `facturas_ventas`;
/*!40101 SET @saved_cs_client     = @@character_set_client */;
/*!50503 SET character_set_client = utf8mb4 */;
CREATE TABLE `facturas_ventas` (
  `ID_FCVENTA` int(11) NOT NULL AUTO_INCREMENT,
  `ID_VENTA` int(11) DEFAULT NULL,
  `MONTO` decimal(10,2) DEFAULT NULL,
  `ID_VENDEDOR` int(11) DEFAULT NULL,
  `FECHA_FACTURA` date DEFAULT NULL,
  PRIMARY KEY (`ID_FCVENTA`),
  KEY `FK_FCVENTAS_ORDEN` (`ID_VENTA`),
  KEY `FK_FCVENTAS_VENDEDOR` (`ID_VENDEDOR`),
  CONSTRAINT `FK_FCVENTAS_ORDEN` FOREIGN KEY (`ID_VENTA`) REFERENCES `orden_venta` (`ID_VENTA`),
  CONSTRAINT `FK_FCVENTAS_VENDEDOR` FOREIGN KEY (`ID_VENDEDOR`) REFERENCES `vendedores` (`ID_VENDEDOR`)
) ENGINE=InnoDB DEFAULT CHARSET=latin1;
/*!40101 SET character_set_client = @saved_cs_client */;

--
-- Dumping data for table `facturas_ventas`
--

LOCK TABLES `facturas_ventas` WRITE;
/*!40000 ALTER TABLE `facturas_ventas` DISABLE KEYS */;
/*!40000 ALTER TABLE `facturas_ventas` ENABLE KEYS */;
UNLOCK TABLES;

--
-- Table structure for table `orden_compra`
--

DROP TABLE IF EXISTS `orden_compra`;
/*!40101 SET @saved_cs_client     = @@character_set_client */;
/*!50503 SET character_set_client = utf8mb4 */;
CREATE TABLE `orden_compra` (
  `ID_COMPRA` int(11) NOT NULL AUTO_INCREMENT,
  `ID_PRODUCTO` int(11) DEFAULT NULL,
  `ID_PROVEEDOR` int(11) DEFAULT NULL,
  `PRECIO_COMPRA` decimal(10,2) DEFAULT NULL,
  `CANTIDAD` int(11) DEFAULT NULL,
  `MONTO` decimal(10,2) DEFAULT NULL,
  `FECHA` date DEFAULT NULL,
  PRIMARY KEY (`ID_COMPRA`),
  KEY `FK_COMPRA_PRODUCTO` (`ID_PRODUCTO`),
  KEY `FK_COMPRA_PROVEEDOR` (`ID_PROVEEDOR`),
  CONSTRAINT `FK_COMPRA_PRODUCTO` FOREIGN KEY (`ID_PRODUCTO`) REFERENCES `productos` (`ID_PRODUCTO`),
  CONSTRAINT `FK_COMPRA_PROVEEDOR` FOREIGN KEY (`ID_PROVEEDOR`) REFERENCES `proveedores` (`ID_PROVEEDOR`)
) ENGINE=InnoDB DEFAULT CHARSET=latin1;
/*!40101 SET character_set_client = @saved_cs_client */;

--
-- Dumping data for table `orden_compra`
--

LOCK TABLES `orden_compra` WRITE;
/*!40000 ALTER TABLE `orden_compra` DISABLE KEYS */;
/*!40000 ALTER TABLE `orden_compra` ENABLE KEYS */;
UNLOCK TABLES;

--
-- Table structure for table `orden_venta`
--

DROP TABLE IF EXISTS `orden_venta`;
/*!40101 SET @saved_cs_client     = @@character_set_client */;
/*!50503 SET character_set_client = utf8mb4 */;
CREATE TABLE `orden_venta` (
  `ID_VENTA` int(11) NOT NULL AUTO_INCREMENT,
  `ID_PRODUCTO` int(11) DEFAULT NULL,
  `ID_CLIENTE` int(11) DEFAULT NULL,
  `PRECIO_VENTA` decimal(10,2) DEFAULT NULL,
  `CANTIDAD` int(11) DEFAULT NULL,
  `MONTO` decimal(10,2) DEFAULT NULL,
  `ID_VENDEDOR` int(11) DEFAULT NULL,
  `FECHA` date DEFAULT NULL,
  PRIMARY KEY (`ID_VENTA`),
  KEY `FK_VENTA_PRODUCTO` (`ID_PRODUCTO`),
  KEY `FK_VENTA_CLIENTE` (`ID_CLIENTE`),
  KEY `FK_VENTA_VENDEDOR` (`ID_VENDEDOR`),
  CONSTRAINT `FK_VENTA_CLIENTE` FOREIGN KEY (`ID_CLIENTE`) REFERENCES `clientes` (`ID_CLIENTE`),
  CONSTRAINT `FK_VENTA_PRODUCTO` FOREIGN KEY (`ID_PRODUCTO`) REFERENCES `productos` (`ID_PRODUCTO`),
  CONSTRAINT `FK_VENTA_VENDEDOR` FOREIGN KEY (`ID_VENDEDOR`) REFERENCES `vendedores` (`ID_VENDEDOR`)
) ENGINE=InnoDB AUTO_INCREMENT=135 DEFAULT CHARSET=latin1;
/*!40101 SET character_set_client = @saved_cs_client */;

--
-- Dumping data for table `orden_venta`
--

LOCK TABLES `orden_venta` WRITE;
/*!40000 ALTER TABLE `orden_venta` DISABLE KEYS */;
INSERT INTO `orden_venta` VALUES (1,4,8,7.54,2,15.08,1,'2018-10-22'),(2,5,50,10.66,2000,21320.00,2,'2030-11-22'),(3,6,25,0.00,10,0.00,3,'2016-12-22'),(4,12,1,1.68,150,252.00,4,'2016-12-22'),(5,33,15,0.43,200,86.00,2,'2016-12-22'),(6,1,7,3.12,500,1560.00,4,'2016-12-22'),(7,84,15,0.39,56,21.84,1,'2016-12-22'),(8,76,1,3.63,70,254.10,3,'2016-12-22'),(9,76,48,3.63,170,617.10,1,'2016-12-22'),(10,2,31,15.30,300,4590.00,2,'2016-12-22'),(11,10,41,0.34,350,119.00,2,'2016-12-22'),(13,90,21,0.09,1500,135.00,1,'2010-01-23'),(14,74,9,30.68,5000,153400.00,2,'2013-01-23'),(15,55,47,20.21,9000,181890.00,4,'2017-01-23'),(16,43,43,0.47,90,42.30,3,'2019-01-23'),(17,70,37,51.11,190,9710.90,4,'2020-01-23'),(18,42,14,70.80,800,56640.00,2,'2021-01-23'),(19,38,11,47.97,860,41254.20,1,'2021-01-23'),(20,3,38,1.00,450,450.00,1,'0002-02-23'),(21,97,26,1400.00,320,448000.00,1,'2024-02-23'),(22,82,7,23.55,1250,29437.50,1,'2024-02-23'),(23,67,23,19.49,10500,204645.00,2,'2024-02-23'),(24,75,1,2.30,9800,22540.00,3,'2025-02-23'),(25,49,35,0.41,250,102.50,4,'2025-02-23'),(26,19,12,4.67,50,233.50,4,'2025-02-23'),(27,2,30,15.30,5,76.50,4,'0009-03-23'),(28,8,40,1.84,1900,3496.00,3,'2025-03-23'),(29,95,37,14.47,560,8103.20,3,'2028-03-23'),(30,90,10,0.09,75,6.75,4,'2029-03-23'),(31,76,1,3.63,200,726.00,1,'2030-03-23'),(32,61,18,28.91,350,10118.50,2,'2030-03-23'),(33,29,50,12.98,100,1298.00,2,'2031-03-23'),(34,11,19,1.29,10,12.90,2,'0004-04-23'),(35,39,11,1.97,1800,3546.00,3,'0007-04-23'),(36,49,10,0.41,3500,1435.00,1,'0003-05-23'),(37,52,23,2.03,5000,10150.00,4,'0006-05-23'),(38,83,49,1.91,500,955.00,4,'0006-05-23'),(39,1,30,3.12,10,31.20,1,'2010-05-23'),(40,25,22,217.00,20,4340.00,1,'2012-05-23'),(41,67,43,19.49,500,9745.00,1,'2023-05-23'),(43,1,1,3.12,700,2184.00,2,'2030-05-23'),(45,27,3,358.43,3000,1075290.00,3,'0007-06-23'),(46,41,45,202.50,300,60750.00,3,'0009-06-23'),(47,57,42,30.44,250,7610.00,4,'2021-06-23'),(48,89,32,1.68,900,1512.00,2,'2023-06-23'),(49,2,50,15.30,950,14535.00,4,'2023-06-23'),(50,56,27,13.81,7600,104956.00,4,'2028-06-23'),(51,72,11,16.78,10000,167800.00,1,'2028-06-23'),(52,2,20,15.30,20000,306000.00,1,'2028-06-23'),(53,1,1,3.12,23000,71760.00,2,'0007-07-23'),(54,85,14,0.48,2300,1104.00,2,'2012-07-23'),(55,56,46,13.81,2500,34525.00,1,'2015-07-23'),(56,52,11,2.03,50,101.50,3,'2029-07-23'),(57,40,7,10.44,900,9396.00,4,'0008-08-23'),(58,32,42,22.28,75,1671.00,2,'0009-08-23'),(59,3,40,1.00,80,80.00,4,'2017-08-23'),(60,7,7,0.72,5,3.60,3,'2017-08-23'),(62,80,17,64.90,25000,1622500.00,1,'2017-08-23'),(63,61,29,28.91,4000,115640.00,4,'2017-08-23'),(64,47,39,0.06,4600,276.00,4,'2019-09-23'),(65,11,8,1.29,450,580.50,2,'2019-09-23'),(66,5,23,10.66,750,7995.00,3,'2011-11-23'),(67,68,41,2.24,980,2195.20,1,'2024-11-23'),(68,70,31,51.11,10,511.10,1,'2025-11-23'),(70,76,1,3.63,500,1815.00,3,'2023-12-23'),(71,76,40,3.63,550,1996.50,2,'2023-12-23'),(72,22,10,73.16,320,23411.20,1,'2026-12-23'),(73,65,4,15.58,150,2337.00,4,'2030-12-23'),(74,60,50,3.19,1000,3190.00,3,'2010-01-23'),(75,78,1,3780.00,1500,5670000.00,3,'2016-01-23'),(76,44,12,2.77,80,221.60,2,'2030-01-23'),(77,69,20,840.00,10,8400.00,4,'2015-03-23'),(78,1,30,3.12,900,2808.00,4,'2020-03-23'),(79,11,46,1.29,3500,4515.00,3,'2031-03-23'),(80,90,23,0.09,6500,585.00,3,'0005-04-23'),(82,76,2,3.63,80,290.40,2,'2028-04-23'),(83,70,35,51.11,1,51.11,1,'0008-05-23'),(84,88,47,1.19,750,892.50,3,'2010-05-23'),(85,88,4,1.19,6000,7140.00,4,'2031-05-23'),(86,88,28,1.19,500,595.00,4,'2031-05-23'),(87,1,11,3.12,240,748.80,2,'2021-06-23'),(88,7,32,0.72,1,0.72,4,'0005-07-23'),(89,65,29,15.58,150,2337.00,3,'2011-07-23'),(90,54,23,1.59,8000,12720.00,3,'2018-07-23'),(91,24,50,0.70,9800,6860.00,3,'2018-07-23'),(92,81,45,24.78,10000,247800.00,1,'2010-08-23'),(93,90,44,0.09,5600,504.00,1,'2010-08-23'),(94,95,22,14.47,50,723.50,1,'2015-08-23'),(95,77,48,5.19,150,778.50,2,'2017-08-23'),(96,10,2,0.34,10,3.40,4,'2023-08-23'),(97,13,11,0.00,1,0.00,4,'2028-08-23'),(98,45,50,0.81,6000,4860.00,3,'2011-09-23'),(99,66,9,1.06,7000,7420.00,4,'2011-09-23'),(100,76,41,3.63,7500,27225.00,2,'2018-09-23'),(101,93,42,3.00,10000,30000.00,2,'2018-09-23'),(102,1,39,3.12,1000,3120.00,1,'2019-09-23'),(103,3,6,1.00,10,10.00,3,'2022-09-23'),(104,55,30,20.21,5,101.05,4,'2031-10-23'),(105,62,11,4.37,750,3277.50,1,'2031-10-23'),(106,93,5,3.00,6700,20100.00,3,'0002-11-23'),(107,83,27,1.91,750,1432.50,2,'0009-11-23'),(108,33,11,0.43,20,8.60,4,'2021-11-23'),(109,1,2,3.12,90,280.80,1,'2027-12-23'),(111,37,48,23.72,30,711.60,4,'0008-01-24'),(112,10,50,0.34,1500,510.00,1,'2012-01-24'),(113,84,8,0.39,150,58.50,3,'2016-01-24'),(114,88,33,1.19,650,773.50,2,'2030-01-24'),(115,17,40,0.38,89,33.82,4,'0005-02-24'),(116,15,1,1.28,95,121.60,1,'2015-03-24'),(117,21,9,0.20,540,108.00,1,'0002-04-24'),(118,97,21,1400.00,6200,8680000.00,1,'0003-04-24'),(119,62,40,4.37,3000,13110.00,3,'2010-04-24'),(120,60,47,3.19,780,2488.20,3,'2011-04-24'),(121,55,38,20.21,340,6871.40,4,'2012-04-24'),(122,28,10,54.70,150,8205.00,4,'2018-04-24'),(123,89,1,1.68,90,151.20,4,'2022-04-24'),(124,20,7,0.00,85,0.00,1,'2022-04-24'),(125,18,23,12.98,30000,389400.00,2,'2022-04-24'),(127,76,36,3.63,5600,20328.00,4,'0006-05-24'),(128,37,50,23.72,500,11860.00,4,'2017-05-24'),(129,88,10,1.19,600,714.00,1,'2029-05-24'),(130,36,20,1.76,450,792.00,2,'0005-06-24'),(131,9,33,0.47,320,150.40,3,'0007-06-24'),(132,1,1,3.12,3200,9984.00,1,'0001-07-24'),(134,90,39,0.09,10,0.90,2,'2022-07-24');
/*!40000 ALTER TABLE `orden_venta` ENABLE KEYS */;
UNLOCK TABLES;

--
-- Table structure for table `pagos`
--

DROP TABLE IF EXISTS `pagos`;
/*!40101 SET @saved_cs_client     = @@character_set_client */;
/*!50503 SET character_set_client = utf8mb4 */;
CREATE TABLE `pagos` (
  `ID_PAGO` int(11) NOT NULL AUTO_INCREMENT,
  `ID_FCCOMPRA` int(11) DEFAULT NULL,
  `MONTO` decimal(10,0) DEFAULT NULL,
  `FECHA_PAGO` date DEFAULT NULL,
  PRIMARY KEY (`ID_PAGO`),
  KEY `FK_PAGOS_FACTURAS` (`ID_FCCOMPRA`),
  CONSTRAINT `FK_PAGOS_FACTURAS` FOREIGN KEY (`ID_FCCOMPRA`) REFERENCES `facturas_compras` (`ID_FCCOMPRA`)
) ENGINE=InnoDB DEFAULT CHARSET=latin1;
/*!40101 SET character_set_client = @saved_cs_client */;

--
-- Dumping data for table `pagos`
--

LOCK TABLES `pagos` WRITE;
/*!40000 ALTER TABLE `pagos` DISABLE KEYS */;
/*!40000 ALTER TABLE `pagos` ENABLE KEYS */;
UNLOCK TABLES;

--
-- Table structure for table `productos`
--

DROP TABLE IF EXISTS `productos`;
/*!40101 SET @saved_cs_client     = @@character_set_client */;
/*!50503 SET character_set_client = utf8mb4 */;
CREATE TABLE `productos` (
  `ID_PRODUCTO` int(11) NOT NULL AUTO_INCREMENT,
  `ITEM` varchar(200) NOT NULL,
  `PRECIO_VENTA` decimal(10,0) DEFAULT NULL,
  `PRECIO_COMPRA` decimal(10,0) DEFAULT NULL,
  PRIMARY KEY (`ID_PRODUCTO`)
) ENGINE=InnoDB AUTO_INCREMENT=98 DEFAULT CHARSET=latin1;
/*!40101 SET character_set_client = @saved_cs_client */;

--
-- Dumping data for table `productos`
--

LOCK TABLES `productos` WRITE;
/*!40000 ALTER TABLE `productos` DISABLE KEYS */;
INSERT INTO `productos` VALUES (1,'DIELECTRIC SINGLE JACKET RIBBON DUCT CABLE 360',3,3),(2,'DISTRIBUTION CABLE ROUND 5.0 FASTCONNECT ONE END CONNECTORIZED CLARO',15,12),(3,'MASTER BOX FOR EQUIPPING FTTH MATERIAL KIT COLORFUL LOGO SCREEN PRINTED ON ONE SIDE WOW',1,1),(4,'MPO PATCHCORD TYPE B MPO PC FEMALE MINI MPO PC FEMALE OM3 AQUA LSZH 12 F 1M',8,6),(5,'MPO TYPE B MPO FEMALE PC DLC 2.0MM OM3 12F 1MTS',11,8),(6,'ADSS SINGLE JACKET 60 MT 60F G652D',1,1),(7,'ADSS SINGLE JACKET 80 MT 144F G652D 100% DRY',2,2),(8,'ADSS SINGLE JACKET DRY CABLE 06F 120 MTS G652D',0,0),(9,'ADSS-CT-80M-06F G652D AUTOSOP DIELEC AIR MONOTUBE V=80 MT',0,0),(10,'DIELECTRIC SINGLE COVER DRY FIBERGLASS 120F G652D',1,1),(11,'SINGLE COVER WITH METAL ARMOR 144F G652D',2,1),(12,'DOUBLE COVER WITH METAL ARMOR 96F G652D',0,1),(13,'PATCHCORD G652D SIMPLEX LSZH 2MM 10 MTS SC/UPC- SC/UPC',2,1),(14,'PATCHCORD G652D SIMPLEX LSZH 2MM 2-5 MTS LC/APC- LC/APC',1,1),(15,'PATCHCORD G652D DUPLEX LSZH 2MM 2 MTS SC/APC- SC/APC',3,2),(16,'DOUBLE LC-APC COUPLER',0,0),(17,'INACTIVO',13,11),(18,'OUTDOOR LARGE TERMINAL BOX 2 PORTS + 2 SC-APC COUPLERS',5,4),(19,'INTERMEDIATE CDO BOX-CIRCULAR TERMINAL (UFO) SPLITTER 1X8 - 1 ENT. RED + 8 OUT BLACK + 1 OVAL DOUBLE',0,0),(20,'SC-APC COUPLER',0,0),(21,'CIERRE DE EMPALME DOMO OVAL - 7 SALIDAS 96 FUSIONES - CIERRE TERMOCONTRAIBLE',73,62),(22,'ODF 1U RACK -24 POSICIONES -DISTRIBUIDOR ?PTICO DE 1U HASTA 24F PIVOTANTE COLOR NEGRO CON BANDEJAS P',0,1),(23,'PIGTAIL 900UM SC-APC G652D LSZH 1.5M SH',1,1),(24,'RACK CERRADO 19\" SERIE 1300- 16 U. PROF 600 MM NEGRO',217,161),(25,'RACK CERRADO 19\" SERIE 900- 28 U. PROF 800 MM NEGRO',292,216),(26,'RACK CERRADO 19\" SERIE 600- 40 U. PROF 1000 MM NEGRO',358,266),(27,'RACK BASTIDOR COLUMNA 19\" 16 U.',55,41),(28,'INDOOR DISTRIBUTION -TERMINAL BOX 2+ 8 PORTS - INDOOR - EQQUIPED WITH 1 SPLITTERS 1X8 - 1 RED + 1 BL',13,11),(29,'FIBER PROTECTION PEDESTAL (12 PORTS | INDOOR /OUTDOOR + WALL MOUNTED DISTRIBUTION BOX)',35,30),(30,'CAJA DE DISTRIBUCI?N FIBRA ?PTICA (SIN ACOPLADORES)',5,4),(31,'WIRELESS XPON ONT',22,17),(32,'A?REO AUTOSP DIELEC CUBIERTA SIMPLE 100 % SECO VANO = 100 MT 24F G652D',0,0),(33,'PATCHCORD G657A1 DUPLEX LSZH 3MM 3MTS LC/UPC- LC/UPC',3,2),(34,'FIBER MICROSCOPE 200X',112,80),(35,'A?REO AUTOSP DIELEC CUBIERTA DOBLE 100 % SECO VANO = 80 MT 96F G652D',2,1),(36,'PRECONNECT FC-FC DROP CABLE - 100M',24,20),(37,'CAJA DISTRIB NAP EXP FUS . NO SP . BANDEJAS FUSI?N/PORTA SPLITTER. 1 ENTRADA OVAL + 2 PUERTOS STD + ',48,41),(38,'PREFORMADO PARA CABLE ?PTICO ACERO',2,2),(39,'DROP FLAT CABLE PRECONNECT HC-HC - 10M',10,9),(40,'RACK CERRADO 19\" SERIE 600- 22 U. PROF 800 MM NEGRO',203,150),(41,'CAJA DISTRIBUCION NAP EXPANDIDA FS17-2 - 1 SPLITTER 1X2 + 2 SPLITTERS 1X8 + 1 ENTRADA ROJO + 16 SALI',71,60),(42,'CABLE CAT.6 FTP PLUG BLINDADO',0,0),(43,'PATCH CORD CAT 5E PVC 2MTRS',3,2),(44,'A?REO AUTOSPORTADO CUBIERTA DOBLE VANO = 120 MT 24F G652D',1,1),(45,'CABLE DISTRIB. PRECONECT ONE CLICK DIAM 3.0 MM 1 F G657B3 LONG 400 MTS SC-APC/HC - SC-APC/HC',118,100),(46,'CABLE DROP ULTRA FLEX FIG.8 1 F G657A2 (PLANO) TELECOM',0,0),(47,'GAS BLOCKER 14 MM',6,5),(48,'A?REO AUTOSPORTADO CUBIERTA DOBLE VANO = 120 MT 12F G652D',0,0),(49,'OPTICAL ATTENUATOR SC/APC FEMALE MALE 05 DB',3,3),(50,'5.0MM SPIRAL AMORED CABLE, WITH 2 CORNING WATER-PROOF CONNECTOR SC/APC. 250 METERS',93,79),(51,'AR-PTC-SX-SM-E2APC-SCUPC-3MM-5M',2,2),(52,'AR-PTC-SX-SM-LCUPC-LCUPC-2MM-15M',2,1),(53,'ADSS S JACKET 120 MTS 96F ( 48F G652D + 48F G655) ANTITRACKING',2,1),(54,'FLAT DROP CABLE FIG8 DIELECTRIC CORE ARAMID LSZH LOW FRICTION PRECONECTED ONE CLICK ON ONE SIDE G657',20,17),(55,'INTERCONNECTION CABLE 1FO 100 M/5 MM. BOTH ENDS PRECONNECTED FASTCONNECT SC/APC.',14,12),(56,'DISTRIBUTION CABLE PRECONECT DIAM 5.0 MM 1 F G657A2 LONG 150 MTS SC APC/FC - SC-APC/FC- FAST COM',30,26),(57,'FIBER OPTIC FEMALE ADAPTER FAST COMPATIBLE BLACK',1,0),(58,'LOOSE TUBE OPGW CABLE 3.9 KN -12 MM DIAM 24F G652D',2,2),(59,'MICRO DUCT 7 WAYS 16.0 X 12.0 MM',3,3),(60,'TENSION CLAMP FOR OPGW 14.2 TO 15.5 MM',29,25),(61,'TERMINAL BOX WITH INVISIBLE PATCHCORD 0.9MM SC/APC-SC/APC G657A2 30MTS WITH SC/ACP SHUTTERED OPTICAL',4,4),(62,'ADSS AERIAL DIELECTRIC SINGLE JACKET CABLE 96 FO G652D',1,1),(63,'POWER METER PON- GPON 3 WAVELENGTH',141,101),(64,'FLAT DROP CABLE ONE END WITH HUAWEI CONNECTOR TYPE, 150MTS, 2.0X5.0MM LSZH LOW FRICTION GRAY CABLE',16,13),(65,'DIELECTRIC DOUBLE JACKET ADSS 200 M SPAN 96F G652D',1,1),(66,'POLE BAND 5/8\" - LONG 30 MT',19,17),(67,'CENTRAL TUBE OPGW CABLE 110.9 KN -14.4 MM DIAM 12F G652D',2,2),(68,'FUSIONADORA ?PTICA POR CLADDING 4.3 - 4 MOTORES',840,600),(69,'BANDING SET WITH RATCHET BANDING TOOL',51,37),(70,'CABLE DISTRIB. PRECONECT DIAM 5.0 MM 1 F G657A2 LONG 100 MTS SC-APC/FC FAST COM',17,14),(71,'CABLE DISTRIB. PRECONECT DIAM 5.0 MM 1 F G657A2 LONG 70 MTS SC-APC/FC FAST COM',17,14),(72,'FIELD CONNECTOR SC APC FOR FLAT AND ROUND 3.0 DROP CABLE - METAL V GROOVE TECHNOLOGY TELECOM',1,0),(73,'DROP CABLE FLAT FIG 8 STRANDED STEEL WIRE MESSENGER STEEL WIRE STRENGTH MEMBER LSZH WITH RED TRACE 1',31,26),(74,'OPTICAL SPLITTER PLC 1*4 NC SC APC 900UM G657A1 1.5 MTS',2,2),(75,'MICRO CABLE DIELEC LT SECO 576F G652D',4,3),(76,'DISTRIBUTION BOX 2 PORTS AND 12 PORTS',5,4),(77,'RIBBON FUSION SPLICE MACHINE',3780,2700),(78,'INDOOR TERMINAL BOX 6 PORT',3,2),(79,'SPLICE CLOSURE 5 PORTS 432 FUSION MECHANICAL',65,55),(80,'DISTRIBUTION CABLE 3.0 PRECONNECTED ONE END SCAPC AND ONE END FIELD CONNECTOR SCAPC 1 FO G657A2 LONG',25,21),(81,'FLAT DROP CABLE WITH MINI SC/APC 80M FASTCON COMPATIBLE',24,20),(82,'OPTICAL SPLITTER PLC 1*2 NC 250UM G657A1 1.5 MTS',2,2),(83,'ADSS SINGLE JACKET 80 MT 06F G652D 100% DRY',0,0),(84,'ADSS SINGLE JACKET 100 MT 12F G652D',0,0),(85,'12F FIG8 (SPAM 100 7X1.2MM) MULTITUBE',1,0),(86,'DIELECTRIC SINGLE COVER DRY ARAMID 36F G652D',1,1),(87,'DRY DOUBLE ARAMID COVER DIELECTRIC 48F G652D',1,1),(88,'DIELECTRIC SINGLE COVER ARAMID DRY 144 F G652D - TECO',2,1),(89,'CABLE DROP ULTRA FLEX LOW FRICTION FIG.8 1 F G657A2 (PLANO)',0,0),(90,'PATCHCORD G652D SIMPLEX LSZH 2MM 3M SC/APC-SC/APC',1,1),(91,'PATCHCORD G652D SIMPLEX LSZH 2MM 5 MTS LC/UPC- LC/UPC',0,1),(92,'PATCHCORD G652D DUPLEX LSZH 2MM 5 MTS LC/UPC- LC/UPC',3,2),(93,'OPTICAL JUNCTION BOX - 9 OUTPUTS 576 FUSIONS - MECHANICAL CLOSURE.',222,188),(94,'DISTRIB BOX -OUTDOOR TERMINAL W - 8 PORTS WITH 8 SC-APC COUPLERS',14,12),(95,'OPTICAL FUSIONER MODEL 5.0',1400,1000),(96,'PATCHCORD G652D SIMPLEX LSZH 2MM SC/APC SC/UPC 3M WHITE',0,1),(97,'CABLE DROP PLANO TIGHT BUFFER 48F',0,2);
/*!40000 ALTER TABLE `productos` ENABLE KEYS */;
UNLOCK TABLES;

--
-- Table structure for table `proveedores`
--

DROP TABLE IF EXISTS `proveedores`;
/*!40101 SET @saved_cs_client     = @@character_set_client */;
/*!50503 SET character_set_client = utf8mb4 */;
CREATE TABLE `proveedores` (
  `ID_PROVEEDOR` int(11) NOT NULL AUTO_INCREMENT,
  `PROVEEDOR` varchar(100) DEFAULT NULL,
  `TELEFONO` varchar(20) DEFAULT NULL,
  `MAIL` varchar(50) DEFAULT NULL,
  PRIMARY KEY (`ID_PROVEEDOR`)
) ENGINE=InnoDB AUTO_INCREMENT=16 DEFAULT CHARSET=latin1;
/*!40101 SET character_set_client = @saved_cs_client */;

--
-- Dumping data for table `proveedores`
--

LOCK TABLES `proveedores` WRITE;
/*!40000 ALTER TABLE `proveedores` DISABLE KEYS */;
INSERT INTO `proveedores` VALUES (1,'Agimba','(451) 5546453','msinott0@google.pl'),(2,'Edgeclub','(646) 1082196','svasilenko1@ezinearticles.com'),(3,'Dabfeed','(848) 1252447','adealtry2@hud.gov'),(4,'Win fiber optic','(345) 7747538','jbraghini3@shareasale.com'),(5,'Eidel','(519) 2663244','shirsch4@unc.edu'),(6,'Devshare','(822) 9016959','chilling5@chronoengine.com'),(7,'Fivebridge','(311) 2023301','mizzatt6@networkadvertising.org'),(8,'Vidoo','(866) 4667344','rmanktelow7@imgur.com'),(9,'Leenti','(702) 1555076','mbraksper8@cam.ac.uk'),(10,'Abatz','(932) 8610121','ibalassa9@wunderground.com'),(11,'Kimia','(326) 7502618','jmulrana@gravatar.com'),(12,'Brainlounge','(428) 3307858','mmelbyb@buzzfeed.com'),(13,'Devshare','(571) 7677107','cleallec@dedecms.com'),(14,'Realblab','(829) 5643494','dgodneyd@spotify.com'),(15,'Eazzy','(213) 4150087','hserote@123-reg.co.uk');
/*!40000 ALTER TABLE `proveedores` ENABLE KEYS */;
UNLOCK TABLES;

--
-- Table structure for table `vendedores`
--

DROP TABLE IF EXISTS `vendedores`;
/*!40101 SET @saved_cs_client     = @@character_set_client */;
/*!50503 SET character_set_client = utf8mb4 */;
CREATE TABLE `vendedores` (
  `ID_VENDEDOR` int(11) NOT NULL AUTO_INCREMENT,
  `NOMBRE` varchar(100) DEFAULT NULL,
  `TELEFONO` varchar(20) DEFAULT NULL,
  `CORREO` varchar(100) DEFAULT NULL,
  PRIMARY KEY (`ID_VENDEDOR`)
) ENGINE=InnoDB AUTO_INCREMENT=5 DEFAULT CHARSET=latin1;
/*!40101 SET character_set_client = @saved_cs_client */;

--
-- Dumping data for table `vendedores`
--

LOCK TABLES `vendedores` WRITE;
/*!40000 ALTER TABLE `vendedores` DISABLE KEYS */;
INSERT INTO `vendedores` VALUES (1,'PEDRO LOPEZ','45678990','PLOPEZ@FIBRA.COM'),(2,'AGUSTINA RAMIREZ','1134209986','ARAMIREZ@FIBRA.COM'),(3,'NICOLAS PLUMON','1144567680','NPLUMON@FIBRA.COM'),(4,'RAUL GONZALEZ','49328766','RGONZALEZ@FIBRA.COM');
/*!40000 ALTER TABLE `vendedores` ENABLE KEYS */;
UNLOCK TABLES;

--
-- Dumping events for database 'proyecto_fibra'
--

--
-- Dumping routines for database 'proyecto_fibra'
--
/*!40103 SET TIME_ZONE=@OLD_TIME_ZONE */;

/*!40101 SET SQL_MODE=@OLD_SQL_MODE */;
/*!40014 SET FOREIGN_KEY_CHECKS=@OLD_FOREIGN_KEY_CHECKS */;
/*!40014 SET UNIQUE_CHECKS=@OLD_UNIQUE_CHECKS */;
/*!40101 SET CHARACTER_SET_CLIENT=@OLD_CHARACTER_SET_CLIENT */;
/*!40101 SET CHARACTER_SET_RESULTS=@OLD_CHARACTER_SET_RESULTS */;
/*!40101 SET COLLATION_CONNECTION=@OLD_COLLATION_CONNECTION */;
/*!40111 SET SQL_NOTES=@OLD_SQL_NOTES */;

-- Dump completed on 2024-08-30 19:56:52
